{"status":"sucess","count":1,"articles":[{"id":60895087,"url":"https:\/\/betath.thehindu.co.in\/news\/top-news-of-the-day-august-1-2022\/article60895087.ece","title":"Top news of the day: Shiv Sena MP Sanjay Raut sent to ED custody till Aug. 4; 5G spectrum auction ends with record bids worth over \u20b91.5 lakh crore, and more","leadText":"The major news headlines of the day, and more.","type":"news","publishedDate":"February 05, 2024 17:56","updatedDate":"February 05, 2024 17:56","homeSection":"News","homeSectionUrl":"https:\/\/betath.thehindu.co.in\/news\/","isPaywall":"false","isSitemapCreated":true,"tags":[{"name":"United Kingdom","url":"https:\/\/betath.thehindu.co.in\/tag\/417-244\/"},{"name":"Maharashtra","url":"https:\/\/betath.thehindu.co.in\/tag\/165-81\/"},{"name":"state politics","url":"https:\/\/betath.thehindu.co.in\/tag\/1430-1349\/"},{"name":"corruption & bribery","url":"https:\/\/betath.thehindu.co.in\/tag\/607-600\/"},{"name":"investigation","url":"https:\/\/betath.thehindu.co.in\/tag\/635-633-600\/"},{"name":"Parliament proceedings","url":"https:\/\/betath.thehindu.co.in\/topic\/Parliament_proceedings\/"},{"name":"Lok Sabha","url":"https:\/\/betath.thehindu.co.in\/tag\/1416-1415-1349\/"},{"name":"Rajya Sabha","url":"https:\/\/betath.thehindu.co.in\/tag\/1417-1415-1349\/"},{"name":"parliament","url":"https:\/\/betath.thehindu.co.in\/tag\/1415-1349\/"},{"name":"disease","url":"https:\/\/betath.thehindu.co.in\/tag\/1074-1073\/"},{"name":"viral diseases","url":"https:\/\/betath.thehindu.co.in\/tag\/1095-1074-1073\/"},{"name":"Commonwealth Games","url":"https:\/\/betath.thehindu.co.in\/topic\/Commonwealth_Games\/"},{"name":"Commonwealth Games","url":"https:\/\/betath.thehindu.co.in\/tag\/1809-1807-1569\/"},{"name":"wireless technology","url":"https:\/\/betath.thehindu.co.in\/tag\/769-760-684\/"},{"name":"West Bengal","url":"https:\/\/betath.thehindu.co.in\/tag\/235-81\/"},{"name":"All India Trinamool Congress","url":"https:\/\/betath.thehindu.co.in\/topic\/all-india-trinamool-congress\/"},{"name":"Breaking news","url":""},{"name":"Push notification","url":""},{"name":"non-communicable diseases","url":"https:\/\/betath.thehindu.co.in\/topic\/non-communicable-diseases\/"}],"keywords":["news digest","news digest august 1 2022","the hindu news digest ","the hindu news digest august 1 2022","Top news of the day","Top news of the day august 1 2022","The Hindu top news of the day","The Hindu top news of the day august 1 2022","parliament proceedings","Lok Sabha","Rajya Sabha","Lok Sabha Speaker revokes four Congress MPs","Lok Sabha Speaker Om Birla","money laundering case","Enforcement Directorate","Sanjay Raut in ED custody till August 4","5G auction","5G spectrum auction","West Bengal","West Bengal cabinet","Mamata Banerjee","west bengal cabinet expansion"],"pushnotificationtitle":"Your top news updates for today | Tap here","image":[{"url":"https:\/\/betath.thgim.com\/public\/incoming\/jrk3o7\/article65711428.ece\/alternates\/FREE_1200\/80683_1_8_2022_14_6_37_1_D677CAF2_71C8_42B1_B5BF_3A371BCE5CA2.JPEG","caption":"MUMBAI, 01\/08\/2022: Shivsena MP Sanjay Raut taken to court from ED office on Monday. Photo: EMMANUAL YOGINI","photographer":""}]}]}
