{"status":"sucess","count":1,"articles":[{"id":60946392,"url":"https:\/\/betath.thehindu.co.in\/news\/international\/world\/test-server-jaishankar-welcomes-european-parliament-members-backing-for-stronger-india-eu-ties\/article60946392.ece","title":"Test Server Jaishankar welcomes European Parliament members\u2019 backing for stronger India-EU ties","leadText":"External Affairs Minister S. Jaishankar meets European Parliament leaders to strengthen India-European Union relations and combat terrorism","type":"storyline","publishedDate":"June 11, 2025 16:03","updatedDate":"June 11, 2025 16:03","homeSection":"World","homeSectionUrl":"https:\/\/betath.thehindu.co.in\/news\/international\/world\/","isPaywall":"false","isSitemapCreated":true,"tags":[],"keywords":[],"pushnotificationtitle":"Test Server Jaishankar welcomes European Parliament members\u2019 backing for stronger India-EU ties","image":[{"url":"https:\/\/betath.thgim.com\/public\/incoming\/d4fhfb\/article66007090.ece\/alternates\/FREE_1200\/AP10_10_2022_000015A.jpg","caption":"India's External Affairs Minister Subramanyam Jaishankar speaks during a press conference after a bilateral meeting at Parliament House in Canberra, Australia, Monday, Oct. 10, 2022. Jaishankar said Russia\u201a\u00c4\u00f4s war on Ukraine \u201a\u00c4\u00fadoes not serve the interests of anybody,\u201a\u00c4\u00f9 but declined to say whether his government would support a United Nations General Assembly motion condemning Moscow\u201a\u00c4\u00f4s annexation of Ukrainian territories. AP\/PTI(AP10_10_2022_000015A)","photographer":""}]}]}
