{"status":"sucess","count":1,"articles":[{"id":60946272,"url":"https:\/\/betath.thehindu.co.in\/brandhub\/what-is-term-insurance\/article60946272.ece","title":"What is Term Insurance?","leadText":"","type":"storyline","publishedDate":"June 06, 2025 10:47","updatedDate":"June 06, 2025 17:27","homeSection":"Brandhub","homeSectionUrl":"https:\/\/betath.thehindu.co.in\/brandhub\/","isPaywall":"false","isSitemapCreated":false,"tags":[],"keywords":[],"pushnotificationtitle":"What is Term Insurance?","image":[{"url":"https:\/\/betath.thgim.com\/public\/brandhub\/z0301z\/article60946301.ece\/alternates\/FREE_1200\/a24eb450-679d-4493-9fde-7f2d942a2784.jpeg","caption":"","photographer":""}]}]}
