{"status":"sucess","count":1,"articles":[{"id":60946407,"url":"https:\/\/betath.thehindu.co.in\/brandhub\/pr-release\/why-acharya-devraj-ji-stands-out-as-indias-best-career-astrologer\/article60946407.ece","title":"Why Acharya Devraj Ji Stands Out as India\u2019s Best Career Astrologer","leadText":"","type":"storyline","publishedDate":"June 12, 2025 10:14","updatedDate":"June 12, 2025 10:17","homeSection":"PR Release","homeSectionUrl":"https:\/\/betath.thehindu.co.in\/brandhub\/pr-release\/","isPaywall":"false","isSitemapCreated":false,"tags":[],"keywords":[],"pushnotificationtitle":"Why Acharya Devraj Ji Stands Out as India\u2019s Best Career Astrologer","image":[{"url":"https:\/\/betath.thgim.com\/public\/brandhub\/ry3owu\/article60946413.ece\/alternates\/FREE_1200\/Article.png","caption":"","photographer":""}]}]}
