{"status":"sucess","count":1,"articles":[{"id":60946460,"url":"https:\/\/betath.thehindu.co.in\/brandhub\/4-tips-to-keep-in-mind-before-applying-for-a-personal-loan\/article60946460.ece","title":"4 tips to keep in mind before applying for a Personal Loan","leadText":"Make the most of your loan journey with these top tips for a stress-free experience.","type":"storyline","publishedDate":"June 17, 2025 16:17","updatedDate":"June 17, 2025 17:37","homeSection":"Brandhub","homeSectionUrl":"https:\/\/betath.thehindu.co.in\/brandhub\/","isPaywall":"false","isSitemapCreated":false,"tags":[],"keywords":[],"pushnotificationtitle":"4 tips to keep in mind before applying for a Personal Loan","image":[{"url":"https:\/\/betath.thgim.com\/public\/incoming\/jgexae\/article60946459.ece\/alternates\/FREE_1200\/4%20tips%20to%20keep%20in%20mind%20before%20applying%20for%20a%20Personal%20Loan.jpg","caption":"","photographer":""}]}]}
