{"status":"sucess","count":1,"articles":[{"id":60946454,"url":"https:\/\/betath.thehindu.co.in\/brandhub\/confused-about-what-is-term-insurance-know-how-it-secures-your-familys-future-at-low-cost\/article60946454.ece","title":"Confused About What Is Term Insurance? Know How It Secures Your Family\u2019s Future at Low Cost","leadText":"","type":"storyline","publishedDate":"June 16, 2025 14:55","updatedDate":"June 16, 2025 14:55","homeSection":"Brandhub","homeSectionUrl":"https:\/\/betath.thehindu.co.in\/brandhub\/","isPaywall":"false","isSitemapCreated":false,"tags":[],"keywords":[],"pushnotificationtitle":"Confused About What Is Term Insurance? Know How It Secures Your Family\u2019s Future at Low Cost","image":[{"url":"https:\/\/betath.thgim.com\/public\/brandhub\/eymkur\/article60946456.ece\/alternates\/FREE_1200\/Article.png","caption":"","photographer":""}]}]}
