{"status":"sucess","count":1,"articles":[{"id":60946427,"url":"https:\/\/betath.thehindu.co.in\/brandhub\/the-silent-companion-how-ai-fills-the-void-and-threatens-to-deepen-it\/article60946427.ece","title":"The Silent Companion: How AI Fills the Void and Threatens to Deepen It","leadText":"Dr Srabani Basu, Associate Professor, Easwari School of Liberal Arts, SRM University AP.","type":"storyline","publishedDate":"June 12, 2025 14:14","updatedDate":"June 12, 2025 14:15","homeSection":"Brandhub","homeSectionUrl":"https:\/\/betath.thehindu.co.in\/brandhub\/","isPaywall":"false","isSitemapCreated":false,"tags":[],"keywords":[],"pushnotificationtitle":"The Silent Companion: How AI Fills the Void and Threatens to Deepen It","image":[{"url":"https:\/\/betath.thgim.com\/public\/incoming\/m6xqce\/article60946426.ece\/alternates\/FREE_1200\/Dr.Srabani%20Basu%201.jpg","caption":"","photographer":""}]}]}
