{"status":"sucess","count":1,"articles":[{"id":60946223,"url":"https:\/\/betath.thehindu.co.in\/brandhub\/term-insurance-the-affordable-life-insurance-policy-for-every-family\/article60946223.ece","title":"Term Insurance: The Affordable Life Insurance Policy for Every Family","leadText":"","type":"storyline","publishedDate":"June 04, 2025 17:42","updatedDate":"June 04, 2025 17:42","homeSection":"Brandhub","homeSectionUrl":"https:\/\/betath.thehindu.co.in\/brandhub\/","isPaywall":"false","isSitemapCreated":false,"tags":[],"keywords":[],"pushnotificationtitle":"Term Insurance: The Affordable Life Insurance Policy for Every Family","image":[{"url":"https:\/\/betath.thgim.com\/public\/brandhub\/p4ppfw\/article60946226.ece\/alternates\/FREE_1200\/Article.png","caption":"","photographer":""}]}]}
